GRD_ID,totalpop_1km,students_1km,mobile_adults_1km,elderly_1km,births_1km,deaths_1km,marriagesM_1km,marriagesF_1km,tert_education_1km,rich_new_1km,poor_new_1km
"4482000","11","0","3","0","1","0","0","0","4","0","0"
"4483000","75","5","16","6","0","0","1","1","22","3","2"
"4484000","18","5","3","5","0","1","1","1","0","4","2"
"4485000","381","26","70","55","4","0","3","2","197","177","8"
"4486000","132","5","29","23","1","0","2","2","88","58","2"
"4483000","45","4","9","6","0","1","0","0","15","5","0"
"4484000","24","2","4","3","0","0","0","0","7","2","5"
"4485000","419","21","80","66","4","2","1","1","180","129","10"
"4486000","858","54","163","141","10","3","4","4","413","347","30"
"4482000","2","0","0","2","0","0","0","0","0","0","0"
"4483000","167","10","29","31","2","1","0","1","38","34","14"
"4484000","60","9","9","7","0","0","1","1","14","2","7"
"4485000","48","2","5","14","0","1","0","0","8","16","1"
"4486000","126","9","31","9","1","0","0","0","39","1","35"
"4487000","1467","67","259","349","15","10","6","5","607","324","91"
"4488000","977","64","145","286","12","9","5","5","303","143","78"
"4483000","1642","109","353","253","25","5","12","12","498","289","61"
"4484000","454","43","103","82","6","5","3","5","110","82","30"
"4485000","8","1","1","1","1","0","0","0","3","2","0"
"4486000","42","1","1","9","0","0","0","0","15","7","0"
"4487000","1428","90","306","273","21","10","9","8","679","366","52"
"4488000","2640","127","432","762","13","23","4","4","1273","758","139"
"4489000","1260","52","126","434","5","68","3","2","615","620","52"
"4458000","4","0","1","1","0","0","0","0","0","0","0"
"4459000","19","3","3","2","0","0","0","0","8","4","0"
"4460000","11","0","2","4","0","0","0","0","1","7","0"
"4468000","565","107","122","39","8","4","2","3","86","0","85"
"4469000","1571","184","294","247","22","10","8","10","544","271","127"
"4470000","257","19","35","61","2","1","4","4","130","91","2"
"4471000","17","0","4","1","0","0","1","1","3","4","6"
"4483000","1629","120","353","286","18","25","10","11","552","307","63"
"4484000","619","37","134","96","3","2","4","4","193","135","17"
"4485000","27","0","3","5","0","1","0","0","1","2","0"
"4486000","67","6","9","8","0","0","0","0","28","22","0"
"4487000","424","41","88","73","4","3","2","3","153","83","35"
"4488000","1541","85","222","409","14","12","5","5","719","511","58"
"4489000","1639","102","234","454","8","12","8","8","806","723","73"
"4457000","18","4","2","1","0","0","0","0","7","6","1"
"4458000","127","4","28","22","0","0","2","2","52","29","4"
"4459000","82","2","17","9","0","0","0","0","32","33","3"
"4460000","24","2","4","5","1","1","0","0","11","6","0"
"4465000","15","2","4","0","0","0","0","0","2","0","5"
"4466000","119","40","35","6","1","1","0","0","26","3","54"
"4467000","311","28","56","73","2","1","1","1","101","24","4"
"4468000","4617","604","880","723","55","30","18","18","1175","257","366"
"4469000","7920","1315","1642","1299","77","85","41","45","1804","93","986"
"4470000","1957","252","479","272","30","13","12","9","745","111","146"
"4471000","538","30","87","126","4","0","4","3","282","264","16"
"4472000","60","6","8","12","1","1","0","0","25","27","0"
"4475000","10","0","0","5","0","1","0","0","4","4","4"
"4476000","3","1","0","1","0","0","0","0","0","0","0"
"4483000","1638","98","365","261","21","6","13","12","711","363","36"
"4484000","2487","144","537","359","26","19","19","21","792","431","73"
"4485000","310","14","55","52","5","1","3","3","82","75","22"
"4486000","15","0","3","4","0","0","0","0","0","0","0"
"4487000","5","0","2","1","0","0","0","0","0","0","0"
"4488000","283","11","52","46","6","3","3","3","153","105","8"
"4489000","384","19","52","61","1","1","3","2","226","188","24"
"4457000","1","0","0","1","0","0","0","0","0","0","0"
"4458000","220","17","43","38","2","0","0","0","109","36","12"
"4459000","392","30","63","50","7","0","0","0","167","59","16"
"4460000","19","1","5","2","0","0","0","0","13","4","0"
"4461000","7","0","3","0","0","0","0","0","3","0","0"
"4462000","139","13","18","30","1","1","0","0","65","40","0"
"4463000","203","24","39","14","4","0","3","2","109","54","10"
"4464000","78","2","20","7","0","0","0","0","22","26","3"
"4465000","111","6","23","25","0","1","1","0","64","25","0"
"4466000","692","39","142","118","7","4","4","4","241","193","21"
"4467000","67","18","11","6","2","0","0","0","17","7","8"
"4468000","238","20","50","49","1","3","1","1","95","55","27"
"4469000","2761","345","599","383","35","10","18","21","691","148","327"
"4470000","3793","547","907","580","75","25","36","30","1480","335","355"
"4471000","4062","487","895","787","52","37","18","13","1624","572","254"
"4472000","3111","286","522","705","25","17","8","11","1124","476","239"
"4473000","4604","574","950","765","71","58","17","18","1331","308","593"
"4474000","2752","281","559","497","24","29","18","18","742","231","291"
"4475000","1668","194","367","272","31","6","15","12","607","244","113"
"4476000","2043","253","426","417","28","44","11","12","649","189","221"
"4477000","2941","266","610","488","39","20","14","14","1051","453","189"
"4478000","224","13","38","27","4","1","1","1","106","124","5"
"4482000","1695","511","562","30","41","1","15","13","1088","164","155"
"4483000","3388","735","968","353","38","40","33","34","1883","787","219"
"4484000","2779","183","623","446","32","15","18","18","1103","593","110"
"4485000","2151","140","455","315","25","9","17","16","817","427","41"
"4486000","1228","95","265","146","10","7","9","8","372","177","66"
"4456000","11","0","3","2","0","0","0","0","4","1","0"
"4459000","42","3","15","1","0","0","1","1","19","9","0"
"4460000","33","3","2","9","0","0","0","0","4","0","0"
"4461000","60","4","14","5","2","0","0","0","25","19","4"
"4462000","19","5","5","1","0","0","0","0","5","0","8"
"4463000","385","58","60","76","3","3","1","0","94","33","49"
"4464000","1172","124","234","189","8","21","4","5","327","130","77"
"4465000","174","24","29","33","2","0","1","0","72","22","11"
"4466000","34","1","3","5","0","1","0","0","15","10","2"
"4467000","14","0","3","0","0","0","0","0","8","4","5"
"4468000","10","1","0","1","0","0","0","0","4","0","0"
"4469000","144","11","17","20","1","2","2","2","67","47","4"
"4470000","358","35","73","71","2","1","1","1","108","73","28"
"4471000","1570","234","373","215","29","6","12","11","647","134","98"
"4472000","2475","331","497","292","39","8","12","12","603","139","346"
"4473000","1965","232","418","152","12","3","6","6","607","148","293"
"4474000","1167","160","258","109","15","5","13","10","249","41","100"
"4475000","5783","796","1260","712","79","61","25","21","1431","128","524"
"4476000","3960","371","798","671","38","29","26","25","1335","451","293"
"4477000","4030","441","698","1042","40","68","17","18","1258","284","306"
"4478000","1563","88","282","299","17","9","12","11","805","428","65"
"4482000","285","56","111","7","7","0","4","3","187","78","13"
"4483000","2093","464","734","49","67","5","35","25","1357","343","139"
"4484000","952","76","220","178","15","6","4","5","353","196","58"
"4485000","2231","204","481","478","21","69","14","16","868","317","178"
"4486000","1698","126","351","252","11","10","15","15","538","229","66"
"4488000","54","13","15","3","0","0","0","0","11","1","24"
"4456000","9","0","1","2","0","0","0","0","1","4","0"
"4457000","39","7","14","1","0","0","0","0","24","0","0"
"4458000","38","2","3","6","0","0","0","0","12","6","0"
"4459000","1496","153","230","291","21","7","7","9","565","275","37"
"4460000","95","9","24","11","1","0","0","0","31","9","0"
"4461000","221","12","40","50","2","0","1","1","120","52","14"
"4463000","1578","238","349","254","19","26","12","11","525","66","95"
"4464000","2809","368","600","419","43","39","19","18","771","115","233"
"4465000","4371","588","806","1031","32","34","25","25","1442","452","310"
"4466000","3531","277","555","841","32","39","16","19","1156","469","229"
"4467000","1240","70","211","364","10","9","4","5","542","365","41"
"4469000","512","42","86","126","5","5","3","2","222","96","26"
"4470000","117","18","28","20","1","0","0","0","52","14","9"
"4471000","0","0","0","0","0","0","0","0","0","0","0"
"4472000","244","42","57","24","2","1","3","2","72","30","53"
"4473000","94","6","20","5","2","0","1","1","36","22","0"
"4474000","44","3","9","2","0","2","0","0","14","2","7"
"4475000","891","65","206","105","18","2","4","4","421","196","43"
"4476000","3655","361","694","739","38","32","20","20","1122","386","254"
"4477000","4072","368","832","649","41","32","24","21","1816","643","191"
"4478000","2514","383","559","378","39","16","17","15","1198","287","172"
"4480000","1","1","0","0","0","0","0","0","0","0","1"
"4481000","126","15","37","11","3","1","0","0","66","7","18"
"4482000","0","0","0","0","0","0","0","0","0","0","0"
"4483000","8082","2335","2508","356","142","10","84","81","5098","1216","995"
"4484000","3923","459","830","701","44","35","21","20","1715","591","390"
"4485000","6105","679","1104","1299","52","102","45","43","1578","545","511"
"4486000","4149","438","794","810","49","55","25","26","1330","563","291"
"4487000","5771","932","1009","1217","51","51","24","29","1557","399","522"
"4488000","84","11","14","16","0","1","0","0","22","10","18"
"4458000","1601","181","337","192","8","9","14","15","501","179","92"
"4459000","2891","397","651","495","36","22","24","26","909","215","170"
"4460000","2647","390","534","361","32","33","14","12","487","53","349"
"4461000","710","75","138","129","8","2","3","4","204","84","46"
"4462000","1059","78","212","156","12","3","3","3","527","384","37"
"4463000","1230","199","253","175","18","8","10","8","456","168","94"
"4464000","6283","1124","1562","656","79","29","62","64","1742","110","924"
"4465000","3260","531","708","536","42","38","28","25","1042","190","444"
"4466000","3480","377","651","616","28","26","17","19","1140","463","282"
"4467000","936","92","141","278","13","10","4","5","272","184","30"
"4468000","2271","202","439","413","18","20","8","9","509","72","189"
"4469000","3485","290","599","850","27","39","24","21","1301","609","137"
"4470000","1181","62","194","243","10","7","5","5","471","342","39"
"4471000","820","61","180","139","9","4","8","6","283","143","42"
"4472000","2661","301","476","530","25","29","12","12","761","252","177"
"4473000","457","63","63","102","2","6","1","1","118","61","43"
"4474000","217","43","61","27","3","3","0","0","37","28","14"
"4475000","1216","81","213","252","11","3","6","7","395","220","84"
"4476000","3875","788","682","733","35","45","14","17","924","127","596"
"4477000","3738","396","849","582","44","77","25","23","1758","716","166"
"4478000","4238","596","943","640","53","57","28","31","1680","354","532"
"4479000","1030","144","233","132","14","4","7","4","359","23","138"
"4480000","7709","1796","1965","1117","89","73","58","62","3650","306","1108"
"4481000","5927","1500","1868","220","139","6","49","43","4085","1741","495"
"4482000","4","0","2","1","0","0","0","0","3","0","0"
"4483000","441","25","131","51","6","0","3","4","282","137","24"
"4484000","4172","506","1019","521","61","52","26","27","2004","577","451"
"4485000","7486","1391","1701","1036","103","61","51","50","3699","997","825"
"4486000","5704","684","1246","934","58","41","28","28","2511","1060","540"
"4487000","1549","136","253","325","19","10","13","13","427","133","84"
"4493000","2","0","0","2","0","0","0","0","0","0","0"
"4457000","132","12","30","17","1","1","1","1","40","20","9"
"4458000","1939","118","392","377","15","14","12","12","766","314","47"
"4459000","606","48","117","130","3","2","1","3","206","87","28"
"4460000","1","0","1","0","0","0","0","0","0","0","0"
"4461000","5","0","0","3","0","0","0","0","0","0","0"
"4462000","121","41","43","5","1","1","2","0","11","0","64"
"4463000","24","3","6","1","1","0","0","0","0","5","2"
"4464000","13","0","4","3","0","0","0","0","3","0","5"
"4465000","1022","252","248","165","16","7","10","10","315","49","132"
"4466000","2076","280","436","391","22","20","17","17","762","277","242"
"4467000","699","51","102","163","4","6","5","6","255","97","58"
"4468000","3931","482","782","668","51","31","16","16","808","56","539"
"4469000","3375","714","663","678","43","50","13","16","1061","129","481"
"4470000","408","33","87","51","4","1","4","5","159","73","9"
"4471000","1361","90","315","192","17","4","9","9","514","221","53"
"4472000","4668","735","941","919","58","39","41","36","1463","330","334"
"4473000","825","55","105","295","7","25","8","7","267","91","25"
"4474000","1296","88","211","340","13","8","5","5","516","268","72"
"4475000","1074","51","202","229","12","10","9","8","480","325","27"
"4476000","4747","793","1001","742","50","41","32","28","1940","472","380"
"4477000","6489","1475","1574","725","96","45","51","53","2678","371","870"
"4478000","5295","1315","1451","418","101","21","43","45","2529","513","676"
"4479000","6881","1862","1926","467","135","63","63","56","4450","937","711"
"4480000","7864","1888","1991","906","100","77","44","43","3083","95","1582"
"4481000","5467","2504","1501","92","78","6","64","51","3874","761","655"
"4482000","2850","250","990","119","52","3","32","29","2125","1591","148"
"4483000","45","1","12","3","1","0","0","0","29","17","2"
"4484000","11340","3513","2153","1435","104","121","57","60","4629","391","2678"
"4485000","14695","3850","3846","1377","201","63","95","100","7786","1266","1823"
"4486000","4905","609","1102","611","60","29","23","26","2956","1315","337"
"4487000","411","58","88","39","2","2","1","1","260","140","35"
"4457000","66","1","19","10","2","1","0","0","43","12","7"
"4458000","26","5","1","3","1","0","0","0","14","5","7"
"4460000","41","2","10","4","0","0","0","0","9","1","1"
"4461000","45","5","8","8","1","0","0","0","6","8","4"
"4462000","27","2","10","5","0","0","0","0","5","5","2"
"4463000","23","1","5","2","0","1","0","0","5","6","1"
"4464000","58","7","14","5","1","0","0","0","18","8","0"
"4465000","23","5","8","0","0","0","1","1","11","2","2"
"4466000","5","0","0","1","0","1","0","0","0","0","0"
"4467000","1760","102","226","513","14","11","5","7","643","276","52"
"4468000","2657","290","618","306","34","15","19","22","1124","300","159"
"4469000","3586","404","650","530","34","19","19","18","1277","211","286"
"4470000","2428","221","433","662","19","23","9","9","542","75","327"
"4471000","3724","648","735","816","51","65","31","27","1244","319","354"
"4472000","4522","758","918","828","60","65","29","27","1661","405","358"
"4473000","1644","203","298","389","18","16","6","4","376","76","125"
"4474000","6464","1001","1227","1365","89","89","38","40","1507","200","668"
"4475000","5447","1137","1077","1017","67","52","28","26","1814","257","789"
"4476000","3593","394","746","579","40","26","20","17","1782","715","223"
"4477000","5329","1110","1243","568","78","39","32","28","3063","836","563"
"4478000","9110","1922","2161","943","107","85","52","60","5246","1321","1079"
"4479000","14975","4413","3822","1608","240","96","145","125","8670","1137","1752"
"4480000","4313","1053","1193","375","86","14","36","33","2591","576","723"
"4481000","13666","2918","4643","783","280","46","111","104","9209","1105","1700"
"4482000","4416","716","1413","416","87","11","41","41","3172","1598","275"
"4483000","9520","1656","2970","897","198","35","91","93","6504","1397","911"
"4484000","18347","5264","4498","1857","273","114","160","152","9980","1203","3104"
"4485000","20671","6106","5710","1757","320","81","181","173","10823","1138","3156"
"4486000","9283","1977","2510","1048","198","50","69","67","5781","1967","719"
"4493000","0","0","0","0","0","0","0","0","0","0","0"
"4457000","11","1","0","2","0","0","0","0","8","4","0"
"4458000","83","7","13","11","0","0","1","1","20","11","9"
"4459000","62","4","8","11","0","1","0","0","15","8","5"
"4460000","17","1","3","2","0","0","0","0","8","2","2"
"4461000","367","27","61","81","1","2","1","1","124","64","11"
"4462000","355","18","60","75","2","1","1","1","129","66","37"
"4463000","471","30","91","105","3","22","1","1","194","99","10"
"4464000","19","6","1","0","0","0","0","0","4","4","1"
"4465000","9","0","4","1","0","0","0","0","8","0","0"
"4466000","33","2","3","8","0","0","0","0","10","7","0"
"4467000","98","8","15","19","0","0","0","0","38","29","2"
"4468000","3253","449","544","678","39","21","21","21","1220","239","321"
"4469000","3697","1116","738","359","35","6","20","17","1436","282","693"
"4470000","2693","234","457","685","28","24","20","19","1173","425","99"
"4471000","1155","199","250","183","10","8","6","7","389","133","147"
"4472000","2322","143","435","377","24","14","11","12","1031","469","59"
"4473000","468","25","86","80","1","0","3","2","161","127","31"
"4474000","1904","399","453","247","54","10","24","20","871","295","106"
"4475000","6957","1170","1461","1153","104","54","44","43","2300","451","711"
"4476000","3771","514","802","650","49","43","27","24","1921","702","236"
"4477000","5388","1247","1276","658","71","26","40","39","3054","897","586"
"4478000","8584","1467","1408","2485","65","227","42","40","4337","1531","884"
"4479000","4401","961","946","642","66","20","36","38","3046","1065","398"
"4480000","11942","1570","2710","2224","174","69","102","92","8436","3424","950"
"4481000","24167","4956","6881","2171","405","105","185","173","16321","3495","3078"
"4482000","5015","1290","1442","422","76","17","40","42","3463","744","833"
"4483000","4295","755","1104","627","45","15","44","33","3138","1294","503"
"4484000","14060","4104","3600","1589","186","73","84","84","8104","1319","4349"
"4485000","1590","519","493","80","27","5","16","16","874","140","238"
"4486000","21","1","9","2","1","0","0","0","12","2","2"
"4460000","34","1","8","7","0","0","1","1","15","8","0"
"4461000","188","7","35","26","2","0","3","3","63","41","0"
"4462000","326","21","81","50","4","1","4","4","128","61","22"
"4463000","126","9","27","18","2","0","2","2","61","34","15"
"4464000","19","0","6","2","0","0","0","0","5","0","1"
"4465000","268","15","52","43","4","1","1","1","120","88","5"
"4466000","17","0","3","4","0","0","0","0","9","4","2"
"4467000","88","0","13","19","1","0","1","1","35","6","17"
"4468000","1","0","0","0","0","0","0","0","0","0","0"
"4469000","101","6","28","18","0","0","0","0","52","34","0"
"4470000","253","18","38","67","1","3","0","0","150","77","8"
"4471000","212","20","34","21","1","0","0","0","27","8","6"
"4472000","2081","184","339","402","19","43","7","8","527","271","179"
"4473000","1849","204","470","172","26","7","14","16","657","286","83"
"4474000","2371","128","426","573","20","21","12","13","927","403","72"
"4475000","4399","719","858","741","49","38","22","22","1283","320","428"
"4476000","2916","314","481","634","19","50","13","15","1532","665","234"
"4477000","11707","2887","2769","1590","149","65","85","86","6531","1099","1305"
"4478000","11969","2232","2561","2015","159","112","89","88","6466","1640","1391"
"4479000","13719","2682","3105","2415","197","135","85","80","8547","2684","1501"
"4480000","16793","3628","4445","2186","260","83","146","132","11712","3054","1589"
"4481000","15270","2902","3663","2031","249","78","128","119","10461","3275","1702"
"4482000","10872","2987","2604","1126","134","35","75","75","7729","1803","1869"
"4483000","8387","2468","1887","1191","91","36","76","68","5987","2075","1560"
"4484000","4318","675","839","884","36","25","40","34","2873","1076","637"
"4485000","1079","287","277","92","28","2","10","9","738","229","183"
"4461000","1","0","0","0","0","0","0","0","1","1","0"
"4462000","39","1","4","8","0","2","0","0","14","5","0"
"4463000","24","2","4","8","0","0","1","1","5","3","5"
"4464000","10","0","2","0","1","0","0","0","4","2","0"
"4465000","2","0","0","1","0","0","0","0","1","0","0"
"4467000","9","2","0","3","0","0","1","1","4","2","3"
"4468000","0","0","0","0","0","0","0","0","0","0","0"
"4469000","1","0","0","1","0","0","0","0","0","0","0"
"4470000","0","0","0","0","0","0","0","0","0","0","0"
"4471000","3","0","0","1","0","0","0","0","2","2","0"
"4472000","367","20","83","48","9","1","6","6","180","99","5"
"4474000","1624","106","321","291","18","10","8","8","708","309","38"
"4475000","3575","345","697","733","35","55","20","17","1311","474","334"
"4476000","3619","311","755","555","39","21","19","22","2315","1066","218"
"4477000","7751","1697","1795","896","105","45","46","50","4406","1149","778"
"4478000","7828","1796","1891","937","119","49","49","46","4902","1196","747"
"4479000","7452","1049","1483","1589","83","95","45","43","5159","2363","564"
"4480000","21395","5443","5805","2301","413","133","195","188","13628","2070","2566"
"4481000","20508","5816","6144","1385","374","170","191","183","13649","1116","3600"
"4482000","13443","3641","3437","1269","224","81","103","113","9355","1920","2059"
"4483000","9934","2724","1877","1546","123","83","65","57","7114","2185","1434"
"4484000","1458","257","287","283","12","6","2","2","978","495","227"
"4485000","1459","509","424","39","43","2","11","9","1093","358","242"
"4462000","36","5","5","5","0","1","0","0","14","4","2"
"4463000","27","2","5","4","0","0","2","1","7","6","1"
"4464000","9","0","0","7","0","0","0","0","0","0","0"
"4468000","2","0","0","2","0","0","0","0","0","0","0"
"4470000","32","2","7","5","0","1","0","0","12","5","0"
"4471000","27","4","5","2","1","0","0","0","4","1","7"
"4472000","1261","53","239","319","24","3","4","3","672","475","25"
"4473000","457","31","91","85","3","3","1","1","132","56","21"
"4474000","2189","195","425","375","25","20","10","8","676","278","120"
"4475000","3760","367","725","699","33","60","26","22","1303","340","268"
"4476000","4432","493","923","588","39","10","31","26","2211","835","375"
"4477000","5716","830","1217","751","71","30","28","29","3544","1269","449"
"4478000","8387","1540","1783","1013","121","54","56","54","4456","893","1047"
"4479000","10228","2972","2809","888","183","45","77","71","5397","375","1777"
"4480000","16948","6406","4910","938","291","63","153","162","10466","500","3184"
"4481000","22693","7635","6482","1389","403","84","192","183","14266","794","4241"
"4482000","3418","843","714","492","49","24","14","18","2249","377","560"
"4483000","21210","3849","4812","2620","267","84","160","148","15469","4345","2355"
"4484000","1966","346","589","247","42","6","26","23","1519","942","132"
"4485000","21","2","9","0","0","0","0","0","16","4","0"
"4468000","153","8","18","53","0","2","1","1","47","50","7"
"4469000","2523","309","456","633","36","22","24","21","566","64","189"
"4470000","124","11","23","30","1","0","2","2","61","31","6"
"4471000","2064","89","348","476","22","9","16","15","1091","678","31"
"4472000","1646","88","350","281","17","11","7","7","855","452","15"
"4473000","122","11","27","18","2","0","0","0","39","20","5"
"4474000","2337","130","536","424","32","10","13","12","1057","470","99"
"4475000","3378","399","861","430","63","18","26","26","1602","359","300"
"4476000","6762","1040","1456","1022","83","74","37","38","2777","526","1000"
"4477000","5097","1078","1251","640","70","36","29","29","2812","704","639"
"4478000","4780","661","1011","735","58","38","25","26","2772","938","526"
"4479000","11901","3266","3023","1084","175","65","80","84","5386","334","2228"
"4480000","14955","4934","4121","1078","247","78","127","122","7945","477","2919"
"4481000","11449","2883","2942","1194","156","67","102","103","6426","722","1807"
"4482000","16359","4569","3751","1953","244","123","120","123","10663","1688","2504"
"4483000","19301","5405","4872","1842","285","90","144","144","13131","2501","2470"
"4484000","2399","382","752","102","59","4","41","37","1842","1211","115"
"4467000","487","41","120","17","5","0","2","2","97","14","21"
"4468000","2217","206","416","311","27","13","9","9","664","334","103"
"4469000","3197","581","569","658","39","40","9","8","640","62","450"
"4470000","362","54","105","35","2","2","1","1","172","47","28"
"4471000","3718","469","621","944","36","48","18","17","1281","355","217"
"4472000","3443","404","615","882","37","95","15","16","967","195","261"
"4473000","599","75","126","122","10","4","4","3","217","25","35"
"4474000","5220","982","1202","690","67","36","27","25","1912","279","526"
"4475000","4054","611","969","548","69","21","24","22","1706","389","385"
"4476000","5753","791","1050","1200","61","198","37","26","1723","213","800"
"4477000","5897","1108","1334","546","93","39","20","18","1891","25","1576"
"4478000","1086","81","198","143","12","2","3","3","837","511","53"
"4479000","723","58","146","122","7","1","3","3","525","266","46"
"4480000","6719","1336","1399","1240","61","103","26","29","2820","470","1234"
"4481000","5051","1121","1017","746","59","28","22","20","2255","376","745"
"4482000","8084","1971","1833","1079","98","71","56","49","5077","1178","1004"
"4483000","2262","317","437","518","28","12","8","8","1562","716","234"
"4466000","2","2","0","0","0","0","0","0","0","0","0"
"4467000","533","77","92","105","6","6","6","8","127","31","48"
"4468000","3902","521","667","935","32","45","13","15","839","140","364"
"4469000","3735","564","655","897","44","70","19","17","1132","245","345"
"4470000","217","10","37","47","4","0","3","3","89","23","5"
"4471000","402","38","68","45","7","3","1","1","190","93","13"
"4472000","2506","314","464","499","25","12","16","14","1151","579","166"
"4473000","3719","274","622","987","32","38","20","20","1426","561","144"
"4474000","2871","314","477","759","32","52","6","8","911","223","220"
"4475000","2477","194","472","373","25","14","14","15","961","336","126"
"4476000","4255","774","1066","401","63","8","32","31","2335","537","387"
"4477000","4558","607","849","881","54","43","17","10","1285","61","675"
"4478000","2965","261","587","401","36","15","18","14","1918","1027","145"
"4479000","5132","866","1123","643","68","19","41","44","3353","1242","334"
"4480000","3810","471","804","485","43","17","24","19","2612","1608","310"
"4481000","2444","208","374","551","22","63","15","14","1700","1135","189"
"4482000","4233","575","774","889","37","40","22","19","2525","960","594"
"4483000","1308","79","151","522","8","12","10","9","935","772","93"
"4484000","32","3","5","6","0","0","0","0","4","0","7"
"4466000","475","22","87","47","1","0","3","3","275","133","12"
"4467000","35","3","2","6","0","0","0","0","20","7","2"
"4468000","1327","143","264","233","16","12","5","8","418","156","96"
"4469000","2674","243","451","545","26","28","17","17","955","204","131"
"4470000","1011","48","163","221","12","6","5","6","577","428","20"
"4471000","61","0","9","6","0","5","0","0","20","0","2"
"4472000","1989","94","380","391","10","10","13","12","974","565","68"
"4473000","3853","428","794","499","47","45","24","22","1132","332","273"
"4474000","2801","705","495","330","36","15","17","17","1189","291","470"
"4475000","2086","271","413","311","38","11","15","13","616","162","152"
"4476000","378","52","75","73","8","9","1","1","102","4","37"
"4477000","897","86","194","183","11","7","10","8","539","183","49"
"4478000","4951","724","1007","808","59","24","36","32","2608","1023","442"
"4479000","4887","567","980","913","55","28","28","22","3036","1495","363"
"4480000","3199","275","659","372","27","12","16","15","2206","1409","169"
"4481000","2795","218","429","457","21","11","12","10","2012","1571","220"
"4482000","5049","492","792","968","34","19","28","26","3306","1839","507"
"4483000","1473","152","176","307","13","2","8","8","957","674","96"
"4463000","9","0","1","1","0","0","0","0","5","7","0"
"4465000","20","3","2","8","0","1","0","0","6","4","0"
"4466000","2774","305","530","623","33","42","19","19","1080","402","172"
"4467000","2225","178","391","312","16","7","11","11","1107","346","68"
"4468000","850","52","131","191","8","5","8","8","504","241","15"
"4469000","635","36","103","138","3","6","0","1","400","221","20"
"4470000","2227","257","350","419","29","31","16","14","999","368","111"
"4471000","1085","59","172","264","8","12","6","6","548","328","19"
"4472000","902","52","219","101","12","3","3","5","487","193","26"
"4473000","2195","229","344","580","17","96","7","7","687","273","130"
"4474000","783","105","149","142","5","6","0","0","133","9","82"
"4475000","1941","155","373","416","22","53","5","7","862","335","88"
"4476000","2865","282","613","368","28","16","18","16","1344","577","185"
"4477000","4397","929","942","687","62","29","30","31","2227","585","397"
"4478000","5162","678","971","1032","51","52","24","23","2334","730","503"
"4479000","3418","437","662","513","37","12","21","26","2251","1175","215"
"4480000","3196","206","531","689","23","39","11","10","2129","1332","211"
"4481000","3250","235","479","623","20","22","18","15","2328","1702","203"
"4482000","3354","257","470","736","20","19","12","12","2470","1879","306"
"4483000","1900","123","203","654","11","23","10","11","1227","904","148"
"4464000","16","3","1","2","0","0","0","0","9","2","1"
"4465000","11","2","2","1","1","0","0","0","0","3","0"
"4466000","999","36","166","162","9","3","3","3","642","348","16"
"4467000","1278","84","222","244","8","4","9","8","634","378","38"
"4468000","157","10","25","20","2","2","0","0","98","62","11"
"4469000","10","2","0","0","0","0","0","0","7","4","0"
"4470000","339","15","48","73","5","2","4","4","254","206","9"
"4471000","1905","93","313","334","15","7","3","3","1213","643","45"
"4472000","502","22","84","84","8","6","4","4","256","129","22"
"4473000","1363","129","238","243","14","4","8","6","703","339","97"
"4474000","2017","317","527","197","44","11","12","14","746","65","362"
"4475000","3125","299","598","536","23","28","13","10","1412","615","146"
"4476000","3689","268","764","532","44","14","26","24","2222","930","103"
"4477000","3610","479","709","599","31","26","21","20","1707","662","127"
"4478000","1625","150","342","326","15","51","10","9","690","391","178"
"4479000","2688","537","611","403","33","12","12","16","1262","390","465"
"4480000","2178","178","343","426","25","40","9","10","1556","1088","222"
"4481000","2288","180","444","279","21","7","12","10","1689","1398","336"
"4482000","4123","356","619","1107","36","33","17","14","2790","1677","318"
"4483000","821","70","108","149","10","2","6","8","598","582","72"
"4484000","11","0","2","3","0","0","1","1","5","11","0"
"4473000","385","28","63","57","6","2","2","2","277","219","6"
"4474000","3082","305","567","681","37","83","13","13","1716","913","221"
"4475000","3415","411","672","708","37","23","18","18","1974","795","228"
"4476000","3427","549","584","630","32","52","14","12","2213","1069","326"
"4477000","3921","427","776","675","43","28","16","15","2662","1579","265"
"4478000","3519","698","723","593","35","22","30","27","2044","673","303"
"4479000","3016","405","556","671","35","19","15","13","1835","808","300"
"4480000","2033","134","340","425","23","34","12","12","1315","1068","205"
"4481000","2219","127","370","397","21","9","6","7","1644","1504","158"
"4482000","5001","523","866","1201","28","71","28","27","3163","1563","473"
"4483000","4816","479","776","1053","35","93","27","27","3014","1879","378"
"4484000","705","62","106","203","8","5","3","4","398","312","107"
"4472000","1","0","0","1","0","0","0","0","0","0","0"
"4473000","2","0","0","1","0","0","0","0","2","2","0"
"4474000","290","19","41","47","2","1","0","0","224","180","13"
"4475000","66","2","7","22","1","0","0","0","41","44","2"
"4476000","1381","564","163","180","11","8","6","5","864","270","403"
"4477000","2693","333","511","592","19","25","14","13","1669","720","167"
"4478000","3989","687","773","900","33","38","22","21","2050","565","380"
"4479000","1374","130","240","280","8","11","11","7","689","327","130"
"4480000","340","20","44","55","1","2","0","0","254","225","10"
"4481000","519","36","67","85","4","2","1","1","365","363","34"
"4482000","775","55","108","139","6","1","4","3","600","586","56"
"4483000","2120","166","272","424","10","10","11","10","1390","1159","211"
"4484000","20","0","0","2","0","0","0","0","14","16","1"
"4474000","47","1","5","6","0","0","0","0","23","13","6"
"4475000","1573","68","292","226","18","6","7","8","1260","878","43"
"4476000","2610","213","392","727","21","79","10","9","1406","774","196"
"4477000","748","43","104","194","8","13","4","3","573","392","53"
"4478000","3589","706","643","664","35","33","23","21","1785","520","485"
"4479000","1810","850","170","277","7","47","5","3","906","34","689"
"4480000","690","32","121","128","10","1","3","3","514","464","35"
"4482000","6","1","1","1","0","0","0","0","1","0","3"
"4483000","640","38","87","202","6","3","2","3","396","277","64"
"4473000","12","1","0","3","0","0","0","0","6","4","0"
"4474000","1633","47","273","247","14","4","5","5","1336","1150","43"
"4475000","3584","222","636","516","28","48","13","11","2606","1690","121"
"4476000","4098","402","670","884","40","32","19","21","2654","1141","186"
"4477000","1356","63","227","239","9","4","8","7","968","575","44"
"4478000","2772","366","394","740","23","90","14","13","1683","780","230"
"4479000","1177","472","154","122","6","4","5","5","641","165","238"
"4480000","1422","95","240","305","7","10","5","5","1007","602","64"
"4483000","1229","83","123","335","9","9","6","6","741","564","123"
"4473000","167","5","33","27","2","0","0","0","134","118","9"
"4474000","1124","51","181","175","11","2","7","7","945","773","38"
"4475000","1301","73","221","222","13","2","4","4","1068","808","59"
"4476000","1968","301","363","390","27","12","16","18","1099","400","123"
"4477000","1306","63","203","225","12","1","2","2","1015","606","42"
"4478000","1695","127","231","447","8","17","11","9","1250","665","76"
"4479000","1808","265","380","256","17","15","11","10","686","146","266"
"4480000","1354","147","232","327","17","9","18","12","914","495","113"
"4483000","125","9","15","23","0","1","1","1","93","70","14"
"4481000","82","5","6","26","0","0","1","1","46","2","5"
"4482000","4","1","0","0","0","0","0","0","0","0","0"
"4483000","7","2","2","1","0","0","0","0","3","3","0"
